Year,Species,Age,SampleSize
2009,AnimalDomestic-cat,34,4
2009,AnimalOther,27,56
2009,AnimalOther-bird,27,3
2009,AnimalWolf,19,235
2009,AnimalGrey-fox,19,31
2009,AnimalCoyote,19,20
2009,AnimalDomestic-cat,19,79
2009,AnimalWeasel,19,7
2009,AnimalHyena,19,17
2009,AnimalWolf,29,38
2009,AnimalCoyote,29,7
2009,AnimalLizard,29,4
2009,AnimalOther-bear,29,1
2009,AnimalRat,29,4
2009,AnimalOther,29,30
2009,AnimalOther-primate,29,1
2009,AnimalHyena,29,2
2009,AnimalWolf,24,90
2009,AnimalRed-fox,40,3
2009,AnimalHusky,17,65
2009,AnimalOther-dog,17,30
2009,AnimalOther,17,130
2009,AnimalRed-fox,19,127
2009,AnimalArctic-fox,19,42
2009,AnimalGerman-shepherd,19,18
2009,AnimalHusky,19,57
2009,AnimalTiger,19,56
2009,AnimalLion,19,31
2009,AnimalOther-feline,19,46
2009,AnimalDragon,19,106
2009,AnimalSkunk,19,18
2009,AnimalRedpanda,19,14
2009,AnimalPolarbear,19,7
2009,AnimalOther,19,195
2009,AnimalRaptor,19,16
2009,AnimalOther-bird,19,13
2009,AnimalKangaroo,19,15
2009,AnimalGriffin,19,14
2009,AnimalDomestic-cat,16,57
2009,AnimalOther-feline,16,15
2009,AnimalOther,16,109
2009,AnimalPanther,17,17
2009,AnimalArctic-fox,16,38
2009,AnimalSquirrel,15,5
2009,AnimalCougar,37,2
2009,AnimalWolf,14,71
2009,AnimalHusky,14,21
2009,AnimalWolf,20,186
2009,AnimalGerman-shepherd,20,15
2009,AnimalRed-fox,22,54
2009,AnimalRed-fox,30,13
2009,AnimalOther-dog,20,40
2009,AnimalDeer,20,14
2009,AnimalOther,20,153
2009,AnimalRed-fox,18,98
2009,AnimalArctic-fox,18,45
2009,AnimalLeopard,18,23
2009,AnimalRiver-otter,18,17
2009,AnimalSea-otter,18,9
2009,AnimalRabbit,18,28
2009,AnimalRaven,17,16
2009,AnimalRaptor,17,14
2009,AnimalOther-bird,17,14
2009,AnimalRabbit,17,31
2009,AnimalOther-fox,15,19
2009,AnimalRaccoon,15,13
2009,AnimalOther,15,64
2009,AnimalOther-fox,19,44
2009,AnimalDomestic-cat,13,7
2009,AnimalDomestic-cat,14,26
2009,AnimalWolf,25,81
2009,AnimalOther-reptile,,8
2009,AnimalOther,,43
2009,AnimalWeasel,30,2
2009,AnimalBrown-bear,30,1
2009,AnimalRat,30,1
2009,AnimalCoyote,36,4
2009,AnimalDragon,18,82
2009,AnimalWolf,22,114
2009,AnimalHorse,15,6
2009,AnimalOther-fox,20,34
2009,AnimalKitsune,37,2
2009,AnimalTiger,18,46
2009,AnimalOther-fox,23,18
2009,AnimalOther,23,106
2009,AnimalDragon,21,96
2009,AnimalRed-fox,17,101
2009,AnimalOther-fox,26,18
2009,AnimalSquirrel,26,4
2009,AnimalOther,26,70
2009,AnimalKangaroo,26,8
2009,AnimalWolf,23,98
2009,AnimalTiger,23,38
2009,AnimalHyena,25,9
2009,AnimalHusky,23,24
2009,AnimalRaven,32,1
2009,AnimalKangaroo,32,3
2009,AnimalWolf,26,67
2009,AnimalPanther,23,8
2009,AnimalWeasel,27,6
2009,AnimalOther-mustelid,27,4
2009,AnimalOther-dog,48,2
2009,AnimalCougar,48,1
2009,AnimalOther,48,5
2009,AnimalOther-dog,30,3
2009,AnimalLeopard,30,6
2009,AnimalCheetah,30,2
2009,AnimalOther,30,22
2009,AnimalRiver-otter,22,9
2009,AnimalLion,24,18
2009,AnimalLeopard,28,8
2009,AnimalDomestic-cat,30,3
2009,AnimalMouse,30,4
2009,AnimalOther-fox,18,50
2009,AnimalOther,18,182
2009,AnimalWolf,31,11
2009,AnimalTiger,31,7
2009,AnimalLion,31,6
2009,AnimalLizard,19,11
2009,AnimalBrown-bear,20,5
2009,AnimalDomestic-cat,27,15
2009,AnimalRiver-otter,23,14
2009,AnimalHusky,24,22
2009,AnimalLion,37,4
2009,AnimalHorse,26,7
2009,AnimalRabbit,26,16
2009,AnimalOther-dog,21,28
2009,AnimalOther,21,137
2009,AnimalDragon,23,61
2009,AnimalDragon,22,45
2009,AnimalGriffin,22,7
2009,AnimalRat,22,4
2009,AnimalBat,22,7
2009,AnimalDragon,26,35
2009,AnimalRed-fox,23,42
2009,AnimalRaccoon,19,22
2009,AnimalLeopard,24,11
2009,AnimalRaven,24,9
2009,AnimalTiger,30,7
2009,AnimalLion,21,31
2009,AnimalRaven,37,2
2009,AnimalOther-fox,22,22
2009,AnimalOther,22,120
2009,AnimalOther-feline,42,5
2009,AnimalOther,42,7
2009,AnimalArctic-fox,23,12
2009,AnimalSquirrel,23,10
2009,AnimalRaptor,23,7
2009,AnimalLeopard,22,12
2009,AnimalDomestic-cat,26,30
2009,AnimalDomestic-cat,21,53
2009,AnimalDragon,39,5
2009,AnimalRiver-otter,39,2
2009,AnimalBrown-bear,39,2
2009,AnimalRaccoon,25,9
2009,AnimalHusky,25,21
2009,AnimalRaven,25,4
2009,AnimalDragon,34,5
2009,AnimalDomestic-cat,33,5
2009,AnimalRiver-otter,33,2
2009,AnimalLizard,24,5
2009,AnimalHorse,24,12
2009,AnimalTiger,29,10
2009,AnimalOther-fox,17,36
2009,AnimalCheetah,36,2
2009,AnimalCougar,36,2
2009,AnimalOther-feline,36,5
2009,AnimalOther,36,13
2009,AnimalRabbit,36,4
2009,AnimalOthermarsupial,36,1
2009,AnimalLion,25,12
2009,AnimalGrey-fox,24,7
2009,AnimalDomestic-cat,24,33
2009,AnimalDragon,24,50
2009,AnimalOther,24,95
2009,AnimalCoyote,27,6
2009,AnimalTiger,32,8
2009,AnimalRat,24,4
2009,AnimalRabbit,24,16
2009,AnimalOther-reptile,23,11
2009,AnimalWolf,38,9
2009,AnimalRed-fox,38,1
2009,AnimalRiver-otter,38,2
2009,AnimalMouse,38,1
2009,AnimalRat,38,1
2009,AnimalSquirrel,38,1
2009,AnimalDinosaur,,4
2009,AnimalPanther,25,13
2009,AnimalWolf,27,48
2009,AnimalPanther,31,2
2009,AnimalDragon,31,10
2009,AnimalDinosaur,24,7
2009,AnimalRaccoon,28,10
2009,AnimalLion,23,19
2009,AnimalDomestic-cat,23,39
2009,AnimalOther-feline,23,24
2009,AnimalKangaroo,25,5
2009,AnimalRaccoon,26,10
2009,AnimalOther-feline,32,3
2009,AnimalOther,32,18
2009,AnimalHusky,15,28
2009,AnimalLion,18,30
2009,AnimalDomestic-cat,18,78
2009,AnimalOther-feline,18,46
2009,AnimalOtherungulate,45,1
2009,AnimalOther,45,3
2009,AnimalDinosaur,28,6
2009,AnimalDragon,25,47
2009,AnimalCollie,22,9
2009,AnimalCoyote,20,17
2009,AnimalBat,19,14
2009,AnimalKangaroo,23,7
2009,AnimalCoyote,26,10
2009,AnimalHusky,26,20
2009,AnimalOther-dog,26,14
2009,AnimalTiger,34,3
2009,AnimalHusky,21,28
2009,AnimalWolf,17,226
2009,AnimalArctic-fox,17,27
2009,AnimalDomestic-cat,28,17
2009,AnimalWolf,21,175
2009,AnimalKangaroo,28,2
2009,AnimalPanther,19,19
2009,AnimalRabbit,42,2
2009,AnimalDeer,29,3
2009,AnimalDeer,21,13
2009,AnimalOther-bird,21,15
2009,AnimalRaccoon,31,5
2009,AnimalRaccoon,34,4
2009,AnimalWolf,35,8
2009,AnimalOther-fox,35,6
2009,AnimalOther-dog,35,2
2009,AnimalTiger,35,4
2009,AnimalCheetah,35,2
2009,AnimalDragon,35,4
2009,AnimalHorse,35,6
2009,AnimalDeer,35,1
2009,AnimalOther,35,12
2009,AnimalHyena,35,2
2009,AnimalTiger,27,13
2009,AnimalLizard,22,7
2009,AnimalLion,39,2
2009,AnimalOther-dog,27,15
2009,AnimalDeer,31,3
2009,AnimalOther-dog,23,27
2009,AnimalOthermusteloid,23,7
2009,AnimalHusky,39,2
2009,AnimalGriffin,35,1
2009,AnimalLion,20,39
2009,AnimalRabbit,33,4
2009,AnimalRed-fox,28,18
2009,AnimalRed-fox,32,13
2009,AnimalCoyote,32,2
2009,AnimalOther-dog,29,8
2009,AnimalRiver-otter,25,6
2009,AnimalMouse,43,1
2009,AnimalWolf,36,11
2009,AnimalKitsune,17,21
2009,AnimalArctic-fox,24,7
2009,AnimalWolf,16,178
2009,AnimalLeopard,21,13
2009,AnimalPanther,21,16
2009,AnimalPolarbear,38,4
2009,AnimalOtherungulate,24,4
2009,AnimalDomestic-cat,11,5
2009,AnimalOther-dog,19,49
2009,AnimalDragon,20,88
2009,AnimalWolf,42,7
2009,AnimalGriffin,30,1
2009,AnimalWolf,41,8
2009,AnimalRed-fox,41,2
2009,AnimalDragon,41,5
2009,AnimalHusky,22,22
2009,AnimalKangaroo,22,9
2009,AnimalCollie,28,4
2009,AnimalKitsune,30,5
2009,AnimalWolf,34,13
2009,AnimalRiver-otter,37,3
2009,AnimalRed-fox,16,77
2009,AnimalOther-dog,34,4
2009,AnimalOtherungulate,34,1
2009,AnimalBrown-bear,34,1
2009,AnimalOther,34,10
2009,AnimalPanther,29,5
2009,AnimalDragon,29,13
2009,AnimalCheetah,23,4
2009,AnimalLizard,23,19
2009,AnimalDinosaur,23,10
2009,AnimalGriffin,23,10
2009,AnimalTiger,28,11
2009,AnimalGrey-fox,27,8
2009,AnimalHorse,27,5
2009,AnimalDragon,14,19
2009,AnimalRaccoon,14,11
2009,AnimalRat,14,4
2009,AnimalCoyote,25,8
2009,AnimalWolf,12,5
2009,AnimalPanther,22,11
2009,AnimalCheetah,22,11
2009,AnimalDomestic-cat,22,44
2009,AnimalHorse,22,12
2009,AnimalRaptor,22,13
2009,AnimalRiver-otter,28,7
2009,AnimalOther-feline,26,22
2009,AnimalRed-fox,27,31
2009,AnimalOther-fox,45,1
2009,AnimalBrown-bear,45,1
2009,AnimalGrizzlybear,45,1
2009,AnimalOther-bear,45,1
2009,AnimalTiger,40,5
2009,AnimalOther-dog,24,20
2009,AnimalHusky,27,12
2009,AnimalRed-fox,26,18
2009,AnimalTiger,47,1
2009,AnimalOther-feline,20,25
2009,AnimalKitsune,20,27
2009,AnimalCollie,18,8
2009,AnimalOther-dog,18,36
2009,AnimalOther-fox,24,23
2009,AnimalSquirrel,25,9
2009,AnimalBat,25,4
2009,AnimalWolf,28,45
2009,AnimalGerman-shepherd,28,4
2009,AnimalGerman-shepherd,32,2
2009,AnimalRed-fox,39,3
2009,AnimalRaccoon,39,1
2009,AnimalSquirrel,39,1
2009,AnimalWolf,47,4
2009,AnimalHyena,47,1
2009,AnimalGriffin,18,13
2009,AnimalWolf,18,211
2009,AnimalSquirrel,20,12
2009,AnimalLizard,21,12
2009,AnimalTiger,25,27
2009,AnimalHorse,25,7
2009,AnimalOther-fox,27,12
2009,AnimalKitsune,19,34
2009,AnimalOthercanine,19,37
2009,AnimalOthermusteloid,19,2
2009,AnimalDeer,19,15
2009,AnimalPandabear,20,7
2009,AnimalOther-fox,25,18
2009,AnimalOther,25,72
2009,AnimalRedpanda,22,6
2009,AnimalOtherungulate,32,4
2009,AnimalMouse,32,1
2009,AnimalRabbit,32,5
2009,AnimalTiger,24,29
2009,AnimalRaccoon,24,13
2009,AnimalLeopard,27,9
2009,AnimalCollie,35,1
2009,AnimalOther-feline,25,20
2009,AnimalOthermarsupial,25,3
2009,AnimalOther-feline,30,7
2009,AnimalOther-dog,22,32
2009,AnimalDragon,33,8
2009,AnimalOther-reptile,33,3
2009,AnimalOther,33,12
2009,AnimalOther-feline,21,37
2009,AnimalHusky,20,50
2009,AnimalKitsune,27,17
2009,AnimalDragon,16,54
2009,AnimalWolf,30,23
2009,AnimalRabbit,28,6
2009,AnimalRed-fox,31,12
2009,AnimalCoyote,30,4
2009,AnimalOthercanine,24,14
2009,AnimalDragon,28,22
2009,AnimalOther,28,43
2009,AnimalOthermarsupial,28,2
2009,AnimalKangaroo,38,2
2009,AnimalArctic-fox,25,12
2009,AnimalKitsune,25,22
2009,AnimalRabbit,25,16
2009,AnimalBrown-bear,48,2
2009,AnimalWolf,32,18
2009,AnimalRiver-otter,24,9
2009,AnimalTiger,33,2
2009,AnimalKitsune,32,5
2009,AnimalRabbit,27,10
2009,AnimalKitsune,18,30
2009,AnimalOther-bear,,4
2009,AnimalDragon,27,23
2009,AnimalGrey-fox,18,13
2009,AnimalOthercanine,18,33
2009,AnimalOthercanine,23,15
2009,AnimalPanther,20,16
2009,AnimalOther-fox,31,1
2009,AnimalDomestic-cat,31,9
2009,AnimalOther,31,13
2009,AnimalArctic-fox,21,22
2009,AnimalGriffin,27,8
2009,AnimalHyena,38,1
2009,AnimalOtherungulate,22,11
2009,AnimalRiver-otter,29,2
2009,AnimalArctic-fox,27,9
2009,AnimalOthercanine,34,1
2009,AnimalOther-feline,27,9
2009,AnimalLion,29,8
2009,AnimalOther-bird,29,2
2009,AnimalLeopard,26,10
2009,AnimalOther-bear,33,1
2009,AnimalOther-bear,22,7
2009,AnimalOther-dog,28,16
2009,AnimalSquirrel,29,1
2009,AnimalRabbit,29,7
2009,AnimalOther-fox,29,4
2009,AnimalCheetah,29,2
2009,AnimalRed-fox,25,40
2009,AnimalGrizzlybear,40,1
2009,AnimalCoyote,23,12
2009,AnimalDomestic-cat,20,60
2009,AnimalGriffin,20,13
2009,AnimalDomestic-cat,42,4
2009,AnimalGrizzlybear,42,2
2009,AnimalOther-mustelid,31,1
2009,AnimalKangaroo,27,5
2009,AnimalMouse,25,6
2009,AnimalOther-reptile,24,5
2009,AnimalTiger,22,33
2009,AnimalBrown-bear,27,3
2009,AnimalWolf,45,3
2009,AnimalSquirrel,27,2
2009,AnimalLeopard,46,1
2009,AnimalLemur,16,5
2009,AnimalSkunk,26,9
2009,AnimalRed-fox,36,7
2009,AnimalCougar,29,3
2009,AnimalGrey-fox,39,1
2009,AnimalKitsune,39,5
2009,AnimalRabbit,19,32
2009,AnimalWolf,39,5
2009,AnimalOther,38,7
2009,AnimalRaptor,38,2
2009,AnimalOther-bird,38,3
2009,AnimalGriffin,38,2
2009,AnimalOther-dog,37,2
2009,AnimalDeer,37,1
2009,AnimalOther,37,6
2009,AnimalOther-bird,37,1
2009,AnimalGriffin,37,2
2009,AnimalLion,34,2
2009,AnimalHorse,34,5
2009,AnimalOther-bear,43,1
2009,AnimalOther,43,5
2009,AnimalDomestic-cat,36,2
2009,AnimalOther-feline,37,3
2009,AnimalSea-otter,37,1
2009,AnimalOther-mustelid,24,6
2009,AnimalOther-feline,22,28
2009,AnimalRaven,22,8
2009,AnimalArctic-fox,32,5
2009,AnimalRed-fox,42,1
2009,AnimalOther-fox,39,2
2009,AnimalOther,39,11
2009,AnimalSkunk,22,13
2009,AnimalSquirrel,28,6
2009,AnimalRiver-otter,46,3
2009,AnimalRaccoon,32,4
2009,AnimalOther-dog,25,13
2009,AnimalRaccoon,33,4
2009,AnimalLion,22,17
2009,AnimalCollie,24,3
2009,AnimalRaccoon,27,8
2009,AnimalOther-fox,14,14
2009,AnimalOther,14,36
2009,AnimalWolf,15,130
2009,AnimalHusky,29,8
2009,AnimalRed-fox,20,73
2009,AnimalRiver-otter,27,1
2009,AnimalOthercanine,22,30
2009,AnimalRed-fox,24,41
2009,AnimalRiver-otter,34,2
2009,AnimalSea-otter,34,2
2009,AnimalHusky,28,11
2009,AnimalOthercanine,28,2
2009,AnimalPanther,28,6
2009,AnimalSkunk,28,8
2009,AnimalWeasel,28,1
2009,AnimalOther-mustelid,28,3
2009,AnimalOthermusteloid,28,1
2009,AnimalDeer,28,2
2009,AnimalRat,28,2
2009,AnimalHyena,28,2
2009,AnimalWolf,44,5
2009,AnimalDomestic-cat,44,1
2009,AnimalRaptor,44,1
2009,AnimalSkunk,25,13
2009,AnimalRaccoon,21,21
2009,AnimalHyena,32,1
2009,AnimalRiver-otter,26,7
2009,AnimalOther-feline,46,1
2009,AnimalOther,46,6
2009,AnimalLeopard,23,14
2009,AnimalLion,30,4
2009,AnimalLion,28,8
2009,AnimalOther-reptile,27,1
2009,AnimalGrey-fox,33,1
2009,AnimalCollie,25,8
2009,AnimalWolf,33,16
2009,AnimalHusky,33,4
2009,AnimalOthercanine,33,3
2009,AnimalHorse,33,4
2009,AnimalRat,33,2
2009,AnimalGrey-fox,26,7
2009,AnimalWeasel,26,7
2009,AnimalCoyote,38,4
2009,AnimalCougar,38,2
2009,AnimalSkunk,47,2
2009,AnimalRabbit,47,2
2009,AnimalOtherungulate,40,1
2009,AnimalOther,40,7
2009,AnimalKitsune,28,7
2009,AnimalDinosaur,21,7
2009,AnimalCougar,40,2
2009,AnimalOther-reptile,18,13
2009,AnimalTiger,17,40
2009,AnimalOther-mustelid,26,5
2009,AnimalSea-otter,42,2
2009,AnimalLion,26,10
2009,AnimalBrown-bear,26,6
2009,AnimalCougar,23,8
2009,AnimalKitsune,23,15
2009,AnimalBat,48,1
2009,AnimalDragon,36,8
2009,AnimalKitsune,26,12
2009,AnimalCheetah,32,2
2009,AnimalMouse,19,6
2009,AnimalHyena,21,12
2009,AnimalOther-fox,21,23
2009,AnimalBadger,45,1
2009,AnimalCougar,22,4
2009,AnimalMonkey,22,3
2009,AnimalArctic-fox,26,10
2009,AnimalWolf,37,6
2009,AnimalDinosaur,27,2
2009,AnimalGerman-shepherd,23,5
2009,AnimalOther-bird,23,11
2009,AnimalRed-fox,21,66
2009,AnimalLizard,20,20
2009,AnimalDeer,27,4
2009,AnimalOtherungulate,27,3
2009,AnimalSkunk,40,2
2009,AnimalOther-dog,39,4
2009,AnimalHorse,44,2
2009,AnimalOtherungulate,18,7
2009,AnimalPandabear,17,10
2009,AnimalMouse,17,6
2009,AnimalSea-otter,23,10
2009,AnimalOtherungulate,23,9
2009,AnimalGrizzlybear,23,2
2009,AnimalOther-bear,23,4
2009,AnimalRaven,23,9
2009,AnimalOthermarsupial,23,4
2009,AnimalLemur,23,3
2009,AnimalOther-primate,23,2
2009,AnimalDragon,30,12
2009,AnimalDinosaur,30,2
2009,AnimalDomestic-cat,41,3
2009,AnimalRabbit,41,1
2009,AnimalCollie,21,11
2009,AnimalOthercanine,21,25
2009,AnimalHyena,24,7
2009,AnimalRaptor,39,1
2009,AnimalOther-bird,39,1
2009,AnimalDeer,25,4
2009,AnimalRaptor,25,6
2009,AnimalPandabear,22,1
2009,AnimalRiver-otter,19,22
2009,AnimalSea-otter,19,9
2009,AnimalTiger,,13
2009,AnimalCougar,26,7
2009,AnimalOthercanine,35,2
2009,AnimalRabbit,23,24
2009,AnimalLeopard,19,27
2009,AnimalRed-fox,15,57
2009,AnimalRaven,15,4
2009,AnimalDomestic-cat,25,35
2009,AnimalGerman-shepherd,21,16
2009,AnimalTiger,26,19
2009,AnimalBadger,34,1
2009,AnimalCoyote,24,13
2009,AnimalCheetah,31,1
2009,AnimalRabbit,35,3
2009,AnimalTiger,21,36
2009,AnimalOthermarsupial,45,1
2009,AnimalHusky,16,46
2009,AnimalCheetah,28,4
2009,AnimalCheetah,26,10
2009,AnimalDomestic-cat,46,2
2009,AnimalWeasel,24,2
2009,AnimalOtherungulate,29,4
2009,AnimalGriffin,29,3
2009,AnimalOther-fox,33,3
2009,AnimalOther-feline,33,3
2009,AnimalSkunk,33,3
2009,AnimalWeasel,33,2
2009,AnimalRedpanda,33,1
2009,AnimalDeer,33,3
2009,AnimalSquirrel,33,1
2009,AnimalGriffin,33,3
2009,AnimalLeopard,31,3
2009,AnimalOther,49,5
2009,AnimalRaptor,26,8
2009,AnimalOther-mustelid,29,2
2009,AnimalOtherungulate,16,10
2009,AnimalDragon,15,28
2009,AnimalSkunk,15,7
2009,AnimalTiger,20,37
2009,AnimalDinosaur,20,9
2009,AnimalOthermarsupial,20,6
2009,AnimalDomestic-cat,15,42
2009,AnimalOther-bird,26,5
2009,AnimalRaven,33,1
2009,AnimalDeer,39,1
2009,AnimalRiver-otter,40,2
2009,AnimalSea-otter,40,1
2009,AnimalSkunk,34,2
2009,AnimalSquirrel,34,3
2009,AnimalRabbit,34,5
2009,AnimalKangaroo,34,1
2009,AnimalCheetah,24,4
2009,AnimalMouse,24,4
2009,AnimalOther-bird,24,4
2009,AnimalBrown-bear,40,1
2009,AnimalSkunk,31,2
2009,AnimalCheetah,20,16
2009,AnimalMonkey,20,5
2009,AnimalDragon,,25
2009,AnimalArctic-fox,30,3
2009,AnimalPanther,30,4
2009,AnimalCougar,27,4
2009,AnimalPandabear,23,6
2009,AnimalRat,23,5
2009,AnimalGrey-fox,28,2
2009,AnimalSea-otter,28,1
2009,AnimalRedpanda,28,2
2009,AnimalPandabear,28,2
2009,AnimalCoyote,22,13
2009,AnimalGriffin,25,6
2009,AnimalBat,24,5
2009,AnimalHusky,18,39
2009,AnimalRedpanda,18,8
2009,AnimalDomestic-cat,29,9
2009,AnimalWolf,43,4
2009,AnimalArctic-fox,43,2
2009,AnimalLion,43,2
2009,AnimalSkunk,43,2
2009,AnimalRabbit,43,1
2009,AnimalGerman-shepherd,31,3
2009,AnimalArctic-fox,35,2
2009,AnimalOther-fox,30,5
2009,AnimalRat,36,1
2009,AnimalCougar,32,2
2009,AnimalTiger,46,2
2009,AnimalOther-mustelid,23,7
2009,AnimalWeasel,34,3
2009,AnimalSkunk,24,8
2009,AnimalLemur,26,4
2009,AnimalDinosaur,29,1
2009,AnimalCougar,28,5
2009,AnimalGriffin,26,8
2009,AnimalHusky,32,3
2009,AnimalOtherungulate,19,8
2009,AnimalCougar,34,2
2009,AnimalRaccoon,22,6
2009,AnimalRaptor,24,9
2009,AnimalWolf,,67
2009,AnimalKangaroo,21,6
2009,AnimalOthermarsupial,22,3
2009,AnimalOthermarsupial,19,7
2009,AnimalOthercanine,32,1
2009,AnimalOthercanine,25,9
2009,AnimalOther-reptile,21,11
2009,AnimalOther-feline,17,32
2009,AnimalBat,17,21
2009,AnimalGriffin,17,11
2009,AnimalRed-fox,29,8
2009,AnimalArctic-fox,22,18
2009,AnimalGrey-fox,21,14
2009,AnimalRabbit,22,23
2009,AnimalRaptor,18,16
2009,AnimalOtherungulate,43,1
2009,AnimalGrey-fox,25,9
2009,AnimalLeopard,25,8
2009,AnimalCheetah,25,8
2009,AnimalRabbit,21,32
2009,AnimalOther-bird,20,13
2009,AnimalRabbit,20,24
2009,AnimalRabbit,30,6
2009,AnimalTiger,38,5
2009,AnimalOthercanine,20,23
2009,AnimalRaccoon,20,17
2009,AnimalOther-fox,28,7
2009,AnimalSkunk,30,3
2009,AnimalDomestic-cat,55,1
2009,AnimalRabbit,55,1
2009,AnimalLion,38,2
2009,AnimalLeopard,38,2
2009,AnimalGerman-shepherd,27,2
2009,AnimalRed-fox,33,3
2009,AnimalSea-otter,33,1
2009,AnimalOther-reptile,20,12
2009,AnimalRaven,20,14
2009,AnimalBadger,28,3
2009,AnimalLeopard,36,3
2009,AnimalHorse,36,4
2009,AnimalLizard,25,6
2009,AnimalGrizzlybear,17,8
2009,AnimalOther-feline,24,19
2009,AnimalOther-dog,,4
2009,AnimalRedpanda,,7
2009,AnimalOther-mustelid,19,6
2009,AnimalSkunk,23,3
2009,AnimalLeopard,17,18
2009,AnimalLion,32,3
2009,AnimalPanther,24,6
2009,AnimalDinosaur,25,3
2009,AnimalRat,31,1
2009,AnimalSquirrel,31,1
2009,AnimalRabbit,31,4
2009,AnimalRiver-otter,21,12
2009,AnimalDomestic-cat,52,4
2009,AnimalOther,52,3
2009,AnimalOther-bird,52,1
2009,AnimalCougar,24,6
2009,AnimalCheetah,19,25
2009,AnimalHorse,30,7
2009,AnimalOther-feline,29,7
2009,AnimalGrey-fox,17,26
2009,AnimalPolarbear,34,1
2009,AnimalRaptor,21,8
2009,AnimalGriffin,21,11
2009,AnimalHusky,31,2
2009,AnimalOther-reptile,28,2
2009,AnimalLeopard,32,4
2009,AnimalHorse,32,4
2009,AnimalDomestic-cat,37,2
2009,AnimalPolarbear,32,1
2009,AnimalGerman-shepherd,25,8
2009,AnimalRaccoon,18,24
2009,AnimalKitsune,24,19
2009,AnimalDinosaur,19,13
2009,AnimalOther-reptile,19,11
2009,AnimalDragon,57,2
2009,AnimalKangaroo,20,9
2009,AnimalGriffin,28,3
2009,AnimalRat,25,11
2009,AnimalOther-bear,40,1
2009,AnimalDomestic-cat,49,3
2009,AnimalOther-feline,49,1
2009,AnimalSkunk,49,2
2009,AnimalRiver-otter,49,1
2009,AnimalSea-otter,49,1
2009,AnimalHorse,49,2
2009,AnimalDeer,49,1
2009,AnimalPandabear,49,1
2009,AnimalRaven,49,1
2009,AnimalRaptor,49,1
2009,AnimalOther-bird,49,1
2009,AnimalKangaroo,49,2
2009,AnimalGriffin,49,1
2009,AnimalKitsune,21,18
2009,AnimalHyena,22,19
2009,AnimalDinosaur,31,4
2009,AnimalRaptor,31,3
2009,AnimalGriffin,31,5
2009,AnimalHorse,21,9
2009,AnimalHorse,46,1
2009,AnimalOtherungulate,46,3
2009,AnimalGriffin,34,1
2009,AnimalHorse,31,3
2009,AnimalOther-bird,28,5
2009,AnimalDragon,42,4
2009,AnimalSkunk,21,6
2009,AnimalOther-mustelid,21,7
2009,AnimalWolf,53,2
2009,AnimalHyena,23,6
2009,AnimalOthermusteloid,20,4
2009,AnimalRat,21,7
2009,AnimalArctic-fox,31,2
2009,AnimalHorse,39,4
2009,AnimalCoyote,21,8
2009,AnimalKitsune,,13
2009,AnimalLion,,6
2009,AnimalCougar,,5
2009,AnimalDomestic-cat,,22
2009,AnimalLizard,,5
2009,AnimalHorse,,9
2009,AnimalDeer,,5
2009,AnimalOtherungulate,,3
2009,AnimalGrizzlybear,,2
2009,AnimalSquirrel,,7
2009,AnimalBat,,3
2009,AnimalGriffin,,7
2009,AnimalLeopard,33,2
2009,AnimalRiver-otter,17,21
2009,AnimalRat,26,6
2009,AnimalLeopard,29,4
2009,AnimalBrown-bear,31,2
2009,AnimalPandabear,31,1
2009,AnimalDragon,32,8
2009,AnimalLemur,21,3
2009,AnimalGerman-shepherd,24,4
2009,AnimalGrizzlybear,22,7
2009,AnimalPandabear,19,10
2009,AnimalWolf,40,4
2009,AnimalOtherungulate,30,1
2009,AnimalHorse,20,19
2009,AnimalHorse,41,2
2009,AnimalRabbit,38,2
2009,AnimalWeasel,37,1
2009,AnimalKitsune,40,1
2009,AnimalCheetah,40,2
2009,AnimalPandabear,32,1
2009,AnimalBrown-bear,38,1
2009,AnimalGrizzlybear,38,2
2009,AnimalCollie,20,6
2009,AnimalRedpanda,16,10
2009,AnimalBat,27,4
2009,AnimalRed-fox,12,4
2009,AnimalSkunk,12,2
2009,AnimalOther-feline,,7
2009,AnimalDragon,40,4
2009,AnimalGerman-shepherd,30,2
2009,AnimalDeer,45,2
2009,AnimalGerman-shepherd,26,7
2009,AnimalSea-otter,26,3
2009,AnimalCoyote,16,21
2009,AnimalSea-otter,43,1
2009,AnimalPanther,38,3
2009,AnimalDragon,38,4
2009,AnimalLemur,20,4
2009,AnimalOther-reptile,26,4
2009,AnimalCollie,27,3
2009,AnimalMouse,35,1
2009,AnimalRaccoon,23,11
2009,AnimalOther-bear,71,1
2009,AnimalOther,71,1
2009,AnimalKitsune,33,2
2009,AnimalBrown-bear,33,2
2009,AnimalOther-dog,40,2
2009,AnimalDomestic-cat,17,66
2009,AnimalRiver-otter,31,2
2009,AnimalLizard,30,2
2009,AnimalOthercanine,27,6
2009,AnimalRabbit,,13
2009,AnimalCheetah,33,1
2009,AnimalOther-feline,35,2
2009,AnimalRaccoon,35,3
2009,AnimalBadger,35,1
2009,AnimalMonkey,35,1
2009,AnimalGerman-shepherd,35,2
2009,AnimalRiver-otter,20,17
2009,AnimalRed-fox,,22
2009,AnimalArctic-fox,20,31
2009,AnimalDinosaur,22,5
2009,AnimalHusky,30,6
2009,AnimalSquirrel,24,5
2009,AnimalMonkey,21,2
2009,AnimalCoyote,18,14
2009,AnimalRedpanda,26,5
2009,AnimalGrey-fox,16,24
2009,AnimalBrown-bear,32,2
2009,AnimalGrizzlybear,32,1
2009,AnimalHyena,20,14
2009,AnimalGrizzlybear,30,2
2009,AnimalHorse,28,5
2009,AnimalRat,18,6
2009,AnimalDragon,17,75
2009,AnimalPanther,,10
2009,AnimalLeopard,20,19
2009,AnimalOtherungulate,35,2
2009,AnimalRaven,34,2
2009,AnimalHorse,16,6
2009,AnimalKangaroo,40,1
2009,AnimalLeopard,43,4
2009,AnimalRaccoon,16,14
2009,AnimalPandabear,21,12
2009,AnimalMouse,29,2
2009,AnimalDragon,43,1
2009,AnimalHorse,43,1
2009,AnimalLeopard,39,1
2009,AnimalGerman-shepherd,22,7
2009,AnimalWeasel,25,2
2009,AnimalSkunk,16,11
2009,AnimalTiger,15,23
2009,AnimalCougar,15,2
2009,AnimalRaptor,28,3
2009,AnimalCheetah,21,13
2009,AnimalOther-reptile,22,5
2009,AnimalCheetah,17,14
2009,AnimalCoyote,39,2
2009,AnimalRaven,28,4
2009,AnimalBat,28,5
2009,AnimalDomestic-cat,35,3
2009,AnimalHusky,37,1
2009,AnimalMouse,16,4
2009,AnimalKitsune,35,2
2009,AnimalLeopard,35,1
2009,AnimalSkunk,35,1
2009,AnimalRedpanda,35,1
2009,AnimalSquirrel,22,9
2009,AnimalRed-fox,34,4
2009,AnimalWeasel,20,12
2009,AnimalDeer,22,6
2009,AnimalWolf,50,3
2009,AnimalGrey-fox,29,2
2009,AnimalOther-mustelid,15,4
2009,AnimalMouse,33,1
2009,AnimalTiger,36,6
2009,AnimalDomestic-cat,58,2
2009,AnimalRaptor,58,1
2009,AnimalDeer,32,2
2009,AnimalMouse,18,12
2009,AnimalOther-bird,18,7
2009,AnimalOther-primate,24,2
2009,AnimalSkunk,20,4
2009,AnimalGrizzlybear,20,7
2009,AnimalMouse,20,8
2009,AnimalPanther,18,15
2009,AnimalCheetah,18,19
2009,AnimalCougar,18,9
2009,AnimalWeasel,18,9
2009,AnimalHorse,18,13
2009,AnimalSquirrel,18,8
2009,AnimalRaven,18,11
2009,AnimalHyena,18,14
2009,AnimalBat,18,15
2009,AnimalKangaroo,24,3
2009,AnimalBrown-bear,46,1
2009,AnimalRiver-otter,,7
2009,AnimalGerman-shepherd,17,15
2009,AnimalRaven,29,6
2009,AnimalLion,50,1
2009,AnimalOther-feline,50,1
2009,AnimalOther,50,3
2009,AnimalOther-bear,36,1
2009,AnimalPolarbear,30,2
2009,AnimalRaptor,29,3
2009,AnimalGrey-fox,44,1
2009,AnimalOther-dog,16,28
2009,AnimalSquirrel,36,1
2009,AnimalSquirrel,40,1
2009,AnimalBat,29,2
2009,AnimalCougar,25,5
2009,AnimalCoyote,,3
2009,AnimalOther-dog,32,2
2009,AnimalOthermusteloid,21,2
2009,AnimalOtherungulate,21,5
2009,AnimalOther-bear,21,3
2009,AnimalOthermarsupial,21,1
2009,AnimalOther-primate,21,2
2009,AnimalOthercanine,16,20
2009,AnimalOther-reptile,16,12
2009,AnimalPolarbear,41,1
2009,AnimalGriffin,40,3
2009,AnimalRiver-otter,16,13
2009,AnimalWeasel,16,11
2009,AnimalBat,32,2
2009,AnimalOtherungulate,25,5
2009,AnimalOtherungulate,37,1
2009,AnimalArctic-fox,34,3
2009,AnimalOtherungulate,42,1
2009,AnimalCougar,42,3
2009,AnimalSea-otter,16,9
2009,AnimalWeasel,49,1
2009,AnimalOther-mustelid,49,1
2009,AnimalOthercanine,38,1
2009,AnimalDeer,24,5
2009,AnimalKitsune,36,1
2009,AnimalRaven,36,2
2009,AnimalOther-bird,36,1
2009,AnimalGriffin,36,1
2009,AnimalKangaroo,17,13
2009,AnimalOthermusteloid,22,3
2009,AnimalLeopard,37,3
2009,AnimalHorse,29,5
2009,AnimalRaven,31,1
2009,AnimalOther-bird,31,2
2009,AnimalBat,20,20
2009,AnimalGrizzlybear,26,2
2009,AnimalPandabear,26,3
2009,AnimalPolarbear,26,3
2009,AnimalOthercanine,47,1
2009,AnimalOtherungulate,47,1
2009,AnimalOther,47,1
2009,AnimalPanther,36,3
2009,AnimalBadger,25,2
2009,AnimalOther-primate,31,1
2009,AnimalOther-mustelid,25,5
2009,AnimalGrizzlybear,35,1
2009,AnimalOtherungulate,17,5
2009,AnimalHorse,38,3
2009,AnimalOtherungulate,15,4
2009,AnimalMouse,21,3
2009,AnimalPandabear,18,9
2009,AnimalPolarbear,18,5
2009,AnimalOther-bear,18,6
2009,AnimalTiger,51,1
2009,AnimalRed-fox,66,1
2009,AnimalHorse,66,1
2009,AnimalRaccoon,17,24
2009,AnimalLion,17,22
2009,AnimalPanther,27,9
2009,AnimalOthermarsupial,26,2
2009,AnimalCougar,21,6
2009,AnimalOther-reptile,51,1
2009,AnimalOther,51,2
2009,AnimalOther-feline,41,1
2009,AnimalOther,41,5
2009,AnimalHorse,45,2
2009,AnimalGrey-fox,32,1
2009,AnimalRat,20,8
2009,AnimalOtherungulate,28,4
2009,AnimalDragon,44,2
2009,AnimalOther-feline,34,2
2009,AnimalOther-bear,34,2
2009,AnimalCoyote,28,5
2009,AnimalRaccoon,51,1
2009,AnimalBat,23,5
2009,AnimalOther-bird,32,4
2009,AnimalLizard,26,4
2009,AnimalGrey-fox,22,10
2009,AnimalCoyote,40,1
2009,AnimalGrey-fox,15,17
2009,AnimalRaptor,40,1
2009,AnimalOthercanine,26,7
2009,AnimalCougar,19,7
2009,AnimalOther-dog,36,2
2009,AnimalPolarbear,27,1
2009,AnimalOther-bear,27,3
2009,AnimalRed-fox,58,1
2009,AnimalGrey-fox,23,8
2009,AnimalCollie,19,9
2009,AnimalGrey-fox,45,1
2009,AnimalBadger,22,4
2009,AnimalRaccoon,30,1
2009,AnimalOthercanine,30,2
2009,AnimalHorse,19,19
2009,AnimalOther-feline,28,8
2009,AnimalDragon,47,2
2009,AnimalHorse,17,8
2009,AnimalKitsune,14,15
2009,AnimalGrizzlybear,16,6
2009,AnimalLizard,32,1
2009,AnimalOther-dog,46,1
2009,AnimalOther-bird,46,1
2009,AnimalOther-primate,46,1
2009,AnimalPandabear,51,1
2009,AnimalOther-bear,51,1
2009,AnimalOther-reptile,25,3
2009,AnimalOther-bird,30,1
2009,AnimalDragon,59,1
2009,AnimalWolf,49,2
2009,AnimalGerman-shepherd,49,1
2009,AnimalOther-feline,31,3
2009,AnimalOthercanine,,6
2009,AnimalCougar,20,10
2009,AnimalOthercanine,50,1
2009,AnimalSkunk,13,2
2009,AnimalGrizzlybear,24,2
2009,AnimalDomestic-cat,32,5
2009,AnimalSkunk,27,6
2009,AnimalGrey-fox,41,2
2009,AnimalArctic-fox,41,1
2009,AnimalOther-fox,41,2
2009,AnimalCoyote,41,2
2009,AnimalSquirrel,41,1
2009,AnimalTiger,37,1
2009,AnimalBrown-bear,19,9
2009,AnimalPolarbear,48,1
2009,AnimalCollie,17,5
2009,AnimalRedpanda,24,2
2009,AnimalKoala,24,1
2009,AnimalTiger,16,25
2009,AnimalPolarbear,36,1
2009,AnimalCollie,26,6
2009,AnimalPanther,26,4
2009,AnimalBadger,26,3
2009,AnimalDeer,26,7
2009,AnimalOtherungulate,26,7
2009,AnimalHyena,26,5
2009,AnimalGrey-fox,,9
2009,AnimalHyena,,7
2009,AnimalKitsune,15,15
2009,AnimalOther-mustelid,22,2
2009,AnimalLemur,25,3
2009,AnimalKitsune,16,27
2009,AnimalTiger,39,2
2009,AnimalRaccoon,36,3
2009,AnimalSkunk,18,16
2009,AnimalLion,15,9
2009,AnimalOthermusteloid,24,4
2009,AnimalBat,21,13
2009,AnimalLizard,28,5
2009,AnimalCheetah,16,12
2009,AnimalCougar,16,4
2009,AnimalPanther,11,1
2009,AnimalOther-feline,11,3
2009,AnimalOther-reptile,11,1
2009,AnimalOther,11,4
2009,AnimalOther-reptile,46,2
2009,AnimalHyena,15,6
2009,AnimalHorse,62,1
2009,AnimalBat,26,4
2009,AnimalHyena,17,18
2009,AnimalRiver-otter,42,1
2009,AnimalRed-fox,11,2
2009,AnimalArctic-fox,15,31
2009,AnimalDeer,18,13
2009,AnimalOther-bird,16,14
2009,AnimalOthercanine,29,2
2009,AnimalPanther,15,9
2009,AnimalMonkey,15,2
2009,AnimalBat,15,12
2009,AnimalOther-reptile,17,9
2009,AnimalPolarbear,25,2
2009,AnimalOthercanine,31,1
2009,AnimalBrown-bear,,2
2009,AnimalSea-otter,20,6
2009,AnimalPolarbear,22,4
2009,AnimalOther-mustelid,30,1
2009,AnimalOther-bird,41,2
2009,AnimalOther-fox,16,25
2009,AnimalGerman-shepherd,16,8
2009,AnimalOthermusteloid,16,7
2009,AnimalHusky,41,1
2009,AnimalDomestic-cat,40,2
2009,AnimalRaven,26,2
2009,AnimalCoyote,15,12
2009,AnimalGerman-shepherd,15,8
2009,AnimalRiver-otter,15,11
2009,AnimalSea-otter,15,4
2009,AnimalWeasel,15,4
2009,AnimalSquirrel,21,12
2009,AnimalGrizzlybear,27,1
2009,AnimalRaptor,27,4
2009,AnimalGrey-fox,34,3
2009,AnimalOther-fox,34,1
2009,AnimalLemur,33,1
2009,AnimalBadger,21,4
2009,AnimalHusky,11,1
2009,AnimalHyena,27,2
2009,AnimalRed-fox,13,9
2009,AnimalLion,13,1
2009,AnimalBrown-bear,28,2
2009,AnimalGrizzlybear,28,1
2009,AnimalPolarbear,28,5
2009,AnimalOther-feline,14,8
2009,AnimalOthermarsupial,27,3
2009,AnimalOtherungulate,33,2
2009,AnimalHyena,33,2
2009,AnimalGerman-shepherd,,3
2009,AnimalHusky,,4
2009,AnimalOther-bird,25,5
2009,AnimalArctic-fox,46,1
2009,AnimalCougar,46,1
2009,AnimalMouse,46,1
2009,AnimalSquirrel,46,1
2009,AnimalRabbit,46,2
2009,AnimalRed-fox,50,1
2009,AnimalArctic-fox,38,1
2009,AnimalRaccoon,,8
2009,AnimalCheetah,67,1
2009,AnimalRabbit,67,1
2009,AnimalKitsune,41,1
2009,AnimalHusky,35,1
2009,AnimalWeasel,,4
2009,AnimalOther-mustelid,,2
2009,AnimalSkunk,51,1
2009,AnimalOther-feline,39,2
2009,AnimalRaptor,16,11
2009,AnimalOther-bear,26,1
2009,AnimalDeer,16,12
2009,AnimalTiger,52,1
2009,AnimalLeopard,,6
2009,AnimalDinosaur,18,7
2009,AnimalRedpanda,21,5
2009,AnimalOther-bear,16,3
2009,AnimalRaven,38,1
2009,AnimalBat,38,1
2009,AnimalOther-bear,39,1
2009,AnimalHorse,42,3
2009,AnimalDeer,42,1
2009,AnimalBrown-bear,42,1
2009,AnimalRaccoon,49,4
2009,AnimalOther-bird,22,4
2009,AnimalBrown-bear,44,1
2009,AnimalPolarbear,44,1
2009,AnimalRabbit,44,1
2009,AnimalLion,33,2
2009,AnimalCougar,33,2
2009,AnimalOtherungulate,39,1
2009,AnimalLizard,18,11
2009,AnimalOthercanine,15,14
2009,AnimalKitsune,34,2
2009,AnimalCoyote,34,2
2009,AnimalMouse,34,1
2009,AnimalDomestic-cat,56,1
2009,AnimalSkunk,55,1
2009,AnimalOthermusteloid,17,3
2009,AnimalPolarbear,17,13
2009,AnimalBat,52,3
2009,AnimalOther-reptile,32,1
2009,AnimalCheetah,11,1
2009,AnimalSquirrel,16,7
2009,AnimalPolarbear,20,6
2009,AnimalRaptor,20,11
2009,AnimalWeasel,23,4
2009,AnimalSea-otter,21,2
2009,AnimalWeasel,21,8
2009,AnimalRaven,21,3
2009,AnimalBadger,,1
2009,AnimalCougar,54,2
2009,AnimalSquirrel,19,11
2009,AnimalRaven,19,8
2009,AnimalLemur,19,8
2009,AnimalHorse,53,1
2009,AnimalOthercanine,17,21
2009,AnimalBat,16,14
2009,AnimalHorse,23,8
2009,AnimalRaven,,6
2009,AnimalRaptor,,6
2009,AnimalOther-bird,,6
2009,AnimalRed-fox,14,27
2009,AnimalGrey-fox,14,11
2009,AnimalArctic-fox,14,13
2009,AnimalCoyote,14,7
2009,AnimalGerman-shepherd,14,11
2009,AnimalCollie,14,3
2009,AnimalOther-dog,14,10
2009,AnimalOthercanine,14,6
2009,AnimalCheetah,14,7
2009,AnimalCougar,14,3
2009,AnimalRedpanda,14,4
2009,AnimalDeer,14,3
2009,AnimalOtherungulate,14,2
2009,AnimalBat,14,10
2009,AnimalGriffin,14,7
2009,AnimalCougar,17,9
2009,AnimalOther-feline,38,1
2009,AnimalRat,17,7
2009,AnimalPanther,34,1
2009,AnimalOtherungulate,20,6
2009,AnimalOther-dog,31,2
2009,AnimalOther-fox,36,1
2009,AnimalWolf,51,2
2009,AnimalSea-otter,17,13
2009,AnimalBadger,18,5
2009,AnimalLemur,,3
2009,AnimalTiger,14,13
2009,AnimalMonkey,18,4
2009,AnimalRaven,16,12
2009,AnimalRabbit,16,14
2009,AnimalMouse,23,4
2009,AnimalOther-reptile,42,1
2009,AnimalGriffin,42,1
2009,AnimalLizard,16,14
2009,AnimalGrey-fox,20,13
2009,AnimalLion,14,9
2009,AnimalLeopard,14,9
2009,AnimalPanther,14,3
2009,AnimalHorse,14,5
2009,AnimalKangaroo,41,1
2009,AnimalOthermusteloid,34,1
2009,AnimalOther-fox,40,2
2009,AnimalOther-mustelid,40,1
2009,AnimalMonkey,17,4
2009,AnimalDinosaur,26,1
2009,AnimalOthermusteloid,26,2
2009,AnimalOther-primate,26,1
2009,AnimalSea-otter,39,1
2009,AnimalRabbit,15,7
2009,AnimalMouse,28,2
2009,AnimalRaccoon,29,2
2009,AnimalCheetah,58,1
2009,AnimalRedpanda,27,2
2009,AnimalRedpanda,15,3
2009,AnimalGerman-shepherd,46,2
2009,AnimalRiver-otter,30,3
2009,AnimalSkunk,17,7
2009,AnimalDeer,23,5
2009,AnimalGrizzlybear,19,7
2009,AnimalOther-dog,15,13
2009,AnimalLion,40,1
2009,AnimalOther-primate,20,1
2009,AnimalMonkey,23,1
2009,AnimalOtherungulate,38,1
2009,AnimalRaccoon,40,2
2009,AnimalOther-fox,,5
2009,AnimalWeasel,17,14
2009,AnimalLion,27,6
2009,AnimalDinosaur,17,13
2009,AnimalBrown-bear,15,4
2009,AnimalPolarbear,15,5
2009,AnimalOther-primate,18,1
2009,AnimalCoyote,54,2
2009,AnimalOther-bear,24,1
2009,AnimalOther-mustelid,16,7
2009,AnimalKangaroo,15,3
2009,AnimalRed-fox,49,1
2009,AnimalLion,16,17
2009,AnimalRat,19,6
2009,AnimalKoala,22,1
2009,AnimalLemur,22,5
2009,AnimalOther-mustelid,20,4
2009,AnimalCoyote,17,10
2009,AnimalLizard,17,10
2009,AnimalBadger,17,4
2009,AnimalOther-mustelid,17,4
2009,AnimalRedpanda,17,5
2009,AnimalDeer,17,7
2009,AnimalBrown-bear,17,9
2009,AnimalOther-bear,17,4
2009,AnimalSquirrel,17,8
2009,AnimalKoala,17,2
2009,AnimalOthermarsupial,17,5
2009,AnimalLemur,17,3
2009,AnimalOther-primate,17,1
2009,AnimalOther-bear,30,4
2009,AnimalMouse,15,11
2009,AnimalHyena,34,1
2009,AnimalDeer,11,1
2009,AnimalBadger,27,1
2009,AnimalOther-reptile,15,7
2009,AnimalRedpanda,23,3
2009,AnimalOther-primate,22,4
2009,AnimalBrown-bear,51,1
2009,AnimalHusky,36,3
2009,AnimalLemur,18,5
2009,AnimalPanther,43,1
2009,AnimalDomestic-cat,43,1
2009,AnimalPanther,16,10
2009,AnimalPandabear,,5
2009,AnimalRat,,2
2009,AnimalBat,30,1
2009,AnimalRed-fox,43,1
2009,AnimalOther-dog,43,2
2009,AnimalGrizzlybear,25,6
2009,AnimalGerman-shepherd,18,9
2009,AnimalMouse,26,4
2009,AnimalRaptor,30,2
2009,AnimalRaptor,15,9
2009,AnimalBrown-bear,18,2
2009,AnimalOthermarsupial,18,4
2009,AnimalTiger,41,1
2009,AnimalLion,49,2
2009,AnimalOther-reptile,49,1
2009,AnimalGrizzlybear,49,1
2009,AnimalRabbit,49,1
2009,AnimalRed-fox,45,1
2009,AnimalRabbit,45,1
2009,AnimalOther-primate,15,1
2009,AnimalGrizzlybear,18,3
2009,AnimalWolf,13,20
2009,AnimalGrizzlybear,41,1
2009,AnimalBadger,16,5
2009,AnimalPolarbear,24,1
2009,AnimalPanther,37,1
2009,AnimalLeopard,15,10
2009,AnimalOther-mustelid,18,8
2009,AnimalDomestic-cat,12,3
2009,AnimalMonkey,19,2
2009,AnimalOther-primate,19,1
2009,AnimalOther-bear,20,4
2009,AnimalPanther,32,1
2009,AnimalSquirrel,14,4
2009,AnimalKangaroo,14,4
2009,AnimalOther-bear,32,1
2009,AnimalOthermarsupial,30,2
2009,AnimalOther-feline,15,9
2009,AnimalBadger,20,2
2009,AnimalKoala,20,2
2009,AnimalRat,32,2
2009,AnimalKitsune,29,3
2009,AnimalBadger,23,1
2009,AnimalMouse,14,4
2009,AnimalOther-bear,15,4
2009,AnimalSea-otter,22,3
2009,AnimalBrown-bear,22,1
2009,AnimalBadger,14,1
2009,AnimalOther-primate,,3
2009,AnimalOther-bear,19,4
2009,AnimalBrown-bear,16,4
2009,AnimalLeopard,16,8
2009,AnimalRaccoon,13,2
2009,AnimalWolf,54,3
2009,AnimalOther-reptile,29,1
2009,AnimalSkunk,29,4
2009,AnimalSea-otter,29,1
2009,AnimalBrown-bear,29,1
2009,AnimalPolarbear,29,2
2009,AnimalKangaroo,29,1
2009,AnimalMonkey,29,1
2009,AnimalOther-bird,14,3
2009,AnimalHyena,16,8
2009,AnimalDomestic-cat,50,4
2009,AnimalRaven,27,1
2009,AnimalCollie,31,1
2009,AnimalCollie,16,4
2009,AnimalPandabear,16,7
2009,AnimalGriffin,16,8
2009,AnimalArctic-fox,13,7
2009,AnimalLeopard,13,3
2009,AnimalArctic-fox,,11
2009,AnimalOthermusteloid,,1
2009,AnimalPolarbear,,3
2009,AnimalOthermarsupial,,2
2009,AnimalGrizzlybear,29,1
2009,AnimalRiver-otter,14,4
2009,AnimalRabbit,14,7
2009,AnimalPanther,50,1
2009,AnimalHusky,12,3
2009,AnimalDinosaur,16,4
2009,AnimalPandabear,36,1
2009,AnimalPanther,60,1
2009,AnimalDomestic-cat,60,1
2009,AnimalOther-feline,60,1
2009,AnimalOther-mustelid,60,1
2009,AnimalRedpanda,60,1
2009,AnimalOther,60,1
2009,AnimalLemur,60,1
2009,AnimalDinosaur,35,1
2009,AnimalBadger,19,4
2009,AnimalLizard,14,2
2009,AnimalKangaroo,16,7
2009,AnimalKoala,16,3
2009,AnimalRedpanda,20,5
2009,AnimalKangaroo,,2
2009,AnimalPolarbear,16,5
2009,AnimalRat,16,2
2009,AnimalOthermarsupial,16,4
2009,AnimalMonkey,16,2
2009,AnimalOther-primate,16,2
2009,AnimalOther-fox,49,1
2009,AnimalRed-fox,57,1
2009,AnimalCoyote,57,1
2009,AnimalHyena,57,1
2009,AnimalKangaroo,18,6
2009,AnimalKitsune,22,8
2009,AnimalOther-feline,48,1
2009,AnimalRed-fox,35,2
2009,AnimalSkunk,,3
2009,AnimalGerman-shepherd,44,1
2009,AnimalOther-dog,44,1
2009,AnimalOther,44,3
2009,AnimalCoyote,35,1
2009,AnimalOther-fox,12,2
2009,AnimalOther,12,3
2009,AnimalCheetah,,4
2009,AnimalMouse,,2
2009,AnimalMonkey,,2
2009,AnimalOthercanine,48,1
2009,AnimalMouse,27,2
2009,AnimalOther-bear,14,1
2009,AnimalDomestic-cat,38,1
2009,AnimalOther-mustelid,32,1
2009,AnimalRiver-otter,52,2
2009,AnimalCougar,35,1
2009,AnimalOthermarsupial,24,1
2009,AnimalCollie,13,2
2009,AnimalLizard,27,1
2009,AnimalHorse,54,1
2009,AnimalRaptor,14,4
2009,AnimalOther-feline,44,1
2009,AnimalPolarbear,31,1
2009,AnimalLizard,15,5
2009,AnimalCougar,30,1
2009,AnimalGerman-shepherd,36,1
2009,AnimalLion,36,1
2009,AnimalGrey-fox,13,4
2009,AnimalCoyote,13,3
2009,AnimalOther-dog,13,3
2009,AnimalOthercanine,13,3
2009,AnimalOther,13,9
2009,AnimalBrown-bear,14,2
2009,AnimalCheetah,15,6
2009,AnimalCollie,15,5
2009,AnimalKitsune,13,3
2009,AnimalRiver-otter,50,1
2009,AnimalOthermusteloid,15,4
2009,AnimalDragon,37,1
2009,AnimalOther-bird,34,1
2009,AnimalCollie,23,1
2009,AnimalWeasel,48,1
2009,AnimalDragon,11,2
2009,AnimalWolf,97,1
2009,AnimalRed-fox,97,1
2009,AnimalGrey-fox,97,1
2009,AnimalArctic-fox,97,1
2009,AnimalKitsune,97,1
2009,AnimalOther-fox,97,1
2009,AnimalCoyote,97,1
2009,AnimalGerman-shepherd,97,1
2009,AnimalHusky,97,1
2009,AnimalCollie,97,1
2009,AnimalOther-dog,97,1
2009,AnimalOthercanine,97,1
2009,AnimalTiger,97,1
2009,AnimalLion,97,1
2009,AnimalLeopard,97,1
2009,AnimalPanther,97,1
2009,AnimalCheetah,97,1
2009,AnimalCougar,97,1
2009,AnimalDomestic-cat,97,1
2009,AnimalOther-feline,97,1
2009,AnimalDragon,97,1
2009,AnimalLizard,97,1
2009,AnimalDinosaur,97,1
2009,AnimalOther-reptile,97,1
2009,AnimalRaccoon,97,1
2009,AnimalSkunk,97,1
2009,AnimalBadger,97,1
2009,AnimalRiver-otter,97,1
2009,AnimalSea-otter,97,1
2009,AnimalWeasel,97,1
2009,AnimalOther-mustelid,97,1
2009,AnimalRedpanda,97,1
2009,AnimalOthermusteloid,97,1
2009,AnimalHorse,97,1
2009,AnimalDeer,97,1
2009,AnimalOtherungulate,97,1
2009,AnimalBrown-bear,97,1
2009,AnimalGrizzlybear,97,1
2009,AnimalPandabear,97,1
2009,AnimalPolarbear,97,1
2009,AnimalOther-bear,97,1
2009,AnimalMouse,97,1
2009,AnimalRat,97,1
2009,AnimalSquirrel,97,1
2009,AnimalOther,97,1
2009,AnimalRaven,97,1
2009,AnimalRaptor,97,1
2009,AnimalOther-bird,97,1
2009,AnimalRabbit,97,1
2009,AnimalKangaroo,97,1
2009,AnimalKoala,97,1
2009,AnimalOthermarsupial,97,1
2009,AnimalLemur,97,1
2009,AnimalMonkey,97,1
2009,AnimalOther-primate,97,1
2009,AnimalHyena,97,1
2009,AnimalBat,97,1
2009,AnimalGriffin,97,1
2009,AnimalKitsune,44,1
2009,AnimalRed-fox,53,1
2009,AnimalGrizzlybear,14,2
2009,AnimalPandabear,14,5
2009,AnimalRaven,14,4
2009,AnimalKoala,14,1
2009,AnimalOther-primate,14,1
2009,AnimalHyena,14,8
2009,AnimalOther-fox,11,1
2009,AnimalCheetah,39,1
2009,AnimalMouse,22,2
2009,AnimalPandabear,24,1
2009,AnimalRaccoon,50,1
2009,AnimalWeasel,50,1
2009,AnimalDeer,15,5
2009,AnimalSkunk,36,1
2009,AnimalDeer,36,1
2009,AnimalOther-fox,13,3
2009,AnimalTiger,13,2
2009,AnimalPanther,13,4
2009,AnimalOther-reptile,36,1
2009,AnimalSkunk,45,1
2009,AnimalGrizzlybear,21,2
2009,AnimalGriffin,24,1
2009,AnimalRaptor,35,1
2009,AnimalLion,35,1
2009,AnimalOther-dog,54,1
2009,AnimalOther,54,1
2009,AnimalBrown-bear,23,1
2009,AnimalDeer,55,1
2009,AnimalHusky,13,5
2009,AnimalCougar,31,1
2009,AnimalRat,13,3
2009,AnimalDragon,13,3
2009,AnimalRaptor,13,3
2009,AnimalHorse,60,1
2009,AnimalLeopard,51,1
2009,AnimalTiger,48,1
2009,AnimalOther-reptile,31,1
2009,AnimalMonkey,28,1
2009,AnimalTiger,49,2
2009,AnimalGerman-shepherd,33,1
2009,AnimalRabbit,52,1
2009,AnimalKitsune,43,1
2009,AnimalDinosaur,14,2
2009,AnimalCheetah,49,1
2009,AnimalOtherungulate,50,1
2009,AnimalCoyote,31,1
2009,AnimalLemur,14,5
2009,AnimalRat,15,4
2009,AnimalRed-fox,47,2
2009,AnimalRaccoon,47,1
2009,AnimalOther-feline,13,1
2009,AnimalKangaroo,44,1
2009,AnimalOther-bird,15,4
2009,AnimalBadger,30,1
2009,AnimalGrey-fox,12,2
2009,AnimalArctic-fox,12,3
2009,AnimalLeopard,12,2
2009,AnimalLizard,12,2
2009,AnimalRaccoon,12,3
2009,AnimalRedpanda,12,2
2009,AnimalLion,51,1
2009,AnimalCollie,12,2
2009,AnimalBat,12,2
2009,AnimalPolarbear,14,3
2009,AnimalOther-bear,28,1
2009,AnimalOther-fox,32,2
2009,AnimalDinosaur,32,1
2009,AnimalArctic-fox,33,1
2009,AnimalBrown-bear,21,2
2009,AnimalMonkey,14,2
2009,AnimalDinosaur,34,1
2009,AnimalRat,47,1
2009,AnimalLizard,11,1
2009,AnimalDinosaur,11,1
2009,AnimalBrown-bear,24,1
2009,AnimalGerman-shepherd,12,3
2009,AnimalHyena,12,2
2009,AnimalPolarbear,21,1
2009,AnimalRed-fox,37,1
2009,AnimalGrey-fox,37,1
2009,AnimalRedpanda,30,2
2009,AnimalDragon,48,2
2009,AnimalOther-mustelid,34,1
2009,AnimalDinosaur,15,4
2009,AnimalLemur,15,2
2009,AnimalWolf,46,1
2009,AnimalKitsune,12,1
2009,AnimalCoyote,12,2
2009,AnimalOther-dog,12,1
2009,AnimalOthercanine,12,1
2009,AnimalTiger,12,1
2009,AnimalLion,12,1
2009,AnimalPanther,12,1
2009,AnimalCheetah,12,1
2009,AnimalCougar,12,1
2009,AnimalOther-feline,12,1
2009,AnimalDragon,12,1
2009,AnimalDinosaur,12,1
2009,AnimalOther-reptile,12,1
2009,AnimalBadger,12,1
2009,AnimalRiver-otter,12,1
2009,AnimalSea-otter,12,1
2009,AnimalWeasel,12,1
2009,AnimalOther-mustelid,12,1
2009,AnimalOthermusteloid,12,1
2009,AnimalHorse,12,1
2009,AnimalDeer,12,1
2009,AnimalOtherungulate,12,2
2009,AnimalBrown-bear,12,1
2009,AnimalGrizzlybear,12,1
2009,AnimalPandabear,12,1
2009,AnimalPolarbear,12,1
2009,AnimalOther-bear,12,1
2009,AnimalMouse,12,2
2009,AnimalRat,12,1
2009,AnimalSquirrel,12,2
2009,AnimalRaven,12,1
2009,AnimalRaptor,12,1
2009,AnimalOther-bird,12,1
2009,AnimalRabbit,12,1
2009,AnimalKangaroo,12,1
2009,AnimalKoala,12,2
2009,AnimalOthermarsupial,12,1
2009,AnimalLemur,12,1
2009,AnimalMonkey,12,2
2009,AnimalOther-primate,12,1
2009,AnimalGriffin,12,1
2009,AnimalLeopard,48,1
2009,AnimalOthermarsupial,48,1
2009,AnimalKangaroo,30,1
2009,AnimalOther-feline,40,1
2009,AnimalLizard,13,1
2009,AnimalDinosaur,13,1
2009,AnimalHyena,13,1
2009,AnimalBat,13,1
2009,AnimalSquirrel,30,1
2009,AnimalSkunk,37,1
2009,AnimalRat,37,1
2009,AnimalCollie,,1
2009,AnimalDomestic-cat,45,1
2009,AnimalDragon,45,1
2009,AnimalRaptor,32,1
2009,AnimalArctic-fox,39,1
2009,AnimalArctic-fox,11,1
2009,AnimalSea-otter,46,1
2009,AnimalRedpanda,25,2
2009,AnimalBrown-bear,25,1
2009,AnimalPandabear,25,2
2009,AnimalOther-bear,25,1
2009,AnimalRedpanda,29,1
2009,AnimalPandabear,29,1
2009,AnimalLizard,52,1
2009,AnimalBadger,15,3
2009,AnimalBadger,33,1
2009,AnimalHyena,31,1
2009,AnimalMouse,48,1
2009,AnimalOther-reptile,14,1
2009,AnimalMonkey,27,1
2009,AnimalGrey-fox,40,1
2009,AnimalWolf,52,2
2009,AnimalGrey-fox,52,2
2009,AnimalOther-fox,52,2
2009,AnimalCoyote,52,3
2009,AnimalCougar,52,2
2009,AnimalOther-feline,52,2
2009,AnimalDinosaur,52,2
2009,AnimalGrizzlybear,52,2
2009,AnimalMonkey,52,2
2009,AnimalOther-primate,52,2
2009,AnimalWeasel,14,2
2009,AnimalSea-otter,,1
2009,AnimalCoyote,49,1
2009,AnimalOther-feline,61,1
2009,AnimalOther,61,1
2009,AnimalSea-otter,14,2
2009,AnimalOther-primate,25,1
2009,AnimalHorse,48,1
2009,AnimalWolf,56,1
2009,AnimalCougar,56,1
2009,AnimalDragon,56,1
2009,AnimalRaccoon,56,1
2009,AnimalHyena,56,1
2009,AnimalRaven,13,1
2009,AnimalGriffin,13,1
2009,AnimalMonkey,24,1
2009,AnimalHyena,40,1
2009,AnimalGerman-shepherd,13,1
2009,AnimalOther,108,1
2009,AnimalOthermarsupial,108,1
2009,AnimalWolf,57,1
2009,AnimalGerman-shepherd,57,1
2009,AnimalHusky,57,1
2009,AnimalLion,57,1
2009,AnimalDinosaur,57,1
2009,AnimalHorse,57,1
2009,AnimalPolarbear,57,1
2009,AnimalOther,57,1
2009,AnimalOther-primate,57,1
2009,AnimalCheetah,44,1
2009,AnimalWolf,11,1
2009,AnimalOthercanine,11,1
2009,AnimalHyena,11,1
2009,AnimalBat,35,1
2009,AnimalGrizzlybear,36,1
2009,AnimalGriffin,15,2
2009,AnimalSkunk,42,1
2009,AnimalOther-fox,38,1
2009,AnimalGrizzlybear,15,1
2009,AnimalPandabear,15,1
2009,AnimalKoala,15,1
2009,AnimalOthermarsupial,15,1
2009,AnimalSkunk,14,1
2009,AnimalOthercanine,36,1
2009,AnimalGrey-fox,31,1
